sku,description
3L11201010,ANGULOS 20x10x1 A-304 2B
3L11202010,ANGULOS 20x20x1 A-304 2B
3L11202015,"ANGULOS 20x20x1,5 A-304 2B"
271402002003,ANGULOS 20x20x3 A-304 L.C.
275402002003,ANGULOS 20x20x3 A-316 L.C.
3L11252510,ANGULOS 25x25x1 A-304 2B
3L11252515,"ANGULOS 25x25x1,5  A-304 2B"
271402502503,ANGULOS 25x25x3 A-304 L.C.
271302502503,ANGULOS 25x25x3 A-304 SATINADO
275402502503,ANGULOS 25x25x3 A-316 L.C.
3L11301010,ANGULOS 30x10x1 A-304 2B
3L11303010,ANGULOS 30x30x1  A-304 2B
3L11303015,"ANGULOS 30x30x1,5 A-304 2B"
271403003003,ANGULOS 30x30x3 A-304 L.C.
275403003003,ANGULOS 30x30x3 A-316 L.C.
271403503503,ANGULOS 35x35x3 A-304 L.C.
275403503504,ANGULOS 35x35x4 A-316 L.C.
3L11402015,"ANGULOS 40x20x1,5 A-304 2B"
3L11404015,"ANGULOS 40x40x1,5 A-304 2B"
271404004004,ANGULOS 40x40x4 A-304 L.C.
271304004004,ANGULOS 40x40x4 A-304 SATINADO
275404004004,ANGULOS 40x40x4 A-316 L.C.
3L11505015,"ANGULOS 50x50x1,5 A-304 2B"
271405005005,ANGULOS 50x50x5 A-304 L.C.
271305005005,ANGULOS 50x50x5 A-304 SATINADO
275405005005,ANGULOS 50x50x5 A-316 L.C.
3L13252515,"ANGULOS A304 25x25x1,5 SATINADO"
271202502503,ANGULOS A304 25x25x3  LC PULIDO
271203003003,ANGULOS A304 30X30X3 LC PULIDO
3L12303010,ANGULOS A304 30x30x1 PULIDOS
3L13303015,"ANGULOS A304 30x30x1,5  SATINADO"
3L12303015,"ANGULOS A304 30x30x1,5 PULIDOS"
271204004004,ANGULOS A304 40X40X4 LC PULIDO
3L12402015,"ANGULOS A304 40x20x1,5 PULIDOS"
3L13404015,"ANGULOS A304 40x40x1,5  SATINADO"
3L12404015,"ANGULOS A304 40x40x1,5 PULIDOS"
3L13505015,"ANGULOS A304 50X50X1,5 SATINADO"
3L12505015,"ANGULOS A304 50x50x1,5 PULIDOS"
40I002642080,BRIDA DN-80 DIN-2642 CADMIADA
A1ALP8008080,BRIDA DN-800 ALUMINIO D-2642 PN10 EPOXY
A2ALP100,BRIDA DN100 ALUMINIO CIEGA D-2527 EPOXY
40G1025766006100,"BRIDA PLANA DIN2576 01A DN600/609,6 PN10 ISO A304"
40G5025766006100,"BRIDA PLANA DIN2576 01A DN600/609,6 PN10 ISO A316"
40G1025767007110,"BRIDA PLANA DIN2576 01A DN700/711,2 PN10 ISO A304"
40G5025760100137,"BRIDA PLANA EN1092-1 01A DN10/17,2  PN10/40 ISO A316"
40G1025761001040,BRIDA PLANA EN1092-1 01A DN100/104 PN10/16 MM A304
40G5025761001040,BRIDA PLANA EN1092-1 01A DN100/104 PN10/16 MM A316
40G1025761001143,"BRIDA PLANA EN1092-1 01A DN100/114,3 PN10/16 ISO A304"
40G5025761001143,"BRIDA PLANA EN1092-1 01A DN100/114,3 PN10/16 ISO A316"
40G1025761251290,BRIDA PLANA EN1092-1 01A DN125/129 PN10/16 MM A304
40G5025762002193,"BRIDA PLANA EN1092-1 01A DN200/219,1 PN10 ISO A316"
40G1025022002191,"BRIDA PLANA EN1092-1 01A DN200/219,1 PN16 ISO A304"
40G5025022002191,"BRIDA PLANA EN1092-1 01A DN200/219,1 PN16 ISO A316"
40G1025762002193,"BRIDA PLANA EN1092-1 01A DN200/219,3 PN10 ISO A304"
40G1025760250280,BRIDA PLANA EN1092-1 01A DN25/28 PN10/40 MM A304
40G5025760250280,BRIDA PLANA EN1092-1 01A DN25/28 PN16/40 MM A316
40G5025760400430,BRIDA PLANA EN1092-1 01A DN40/43 PN10/40 MM A316
40G1025760400483,"BRIDA PLANA EN1092-1 01A DN40/48,3 PN10/40 ISO A304"
40G5025760400483,"BRIDA PLANA EN1092-1 01A DN40/48,3 PN10/40 ISO A316"
40G1025764004064,"BRIDA PLANA EN1092-1 01A DN400/406,4 PN10 ISO A304"
40G5025764004064,"BRIDA PLANA EN1092-1 01A DN400/406,4 PN10 ISO A316"
40G1025764504560,"BRIDA PLANA EN1092-1 01A DN450/457,2 PN10 ISO A304"
40G1025760500530,BRIDA PLANA EN1092-1 01A DN50/53 PN10/40 MM A304
40G5025760500530,BRIDA PLANA EN1092-1 01A DN50/53 PN10/40 MM A316
40G1025760500603,"BRIDA PLANA EN1092-1 01A DN50/60,3 PN10/40 ISO A304"
40G5025760500603,"BRIDA PLANA EN1092-1 01A DN50/60,3 PN10/40 ISO A316"
40G1025760500630,BRIDA PLANA EN1092-1 01A DN50/63 PN10/16 ISO A304
40G1025765005060,BRIDA PLANA EN1092-1 01A DN500/506 PN10 MM A304
40G5025027007110,"BRIDA PLANA EN1092-1 01A DN700/711,2 PN16 ISO A316"
40G1025760800840,BRIDA PLANA EN1092-1 01A DN80/84 PN10/16 MM A304
40G5025760800840,BRIDA PLANA EN1092-1 01A DN80/84 PN10/16 MM A316
40G1025760800889,"BRIDA PLANA EN1092-1 01A DN80/88,9 PN10/16 ISO A304"
40G5025760800889,"BRIDA PLANA EN1092-1 01A DN80/88,9 PN10/16 ISO A316"
40G1025768008130,"BRIDA PLANA EN1092-1 01A DN800/812,8 PN10 ISO A304"
111120100003,"CHAPA INOX. 2000x1000x0,3 A304 2B"
111120100004,"CHAPA INOX. 2000x1000x0,4 A304 2B"
111620100004,"CHAPA INOX. 2000x1000x0,4 A304 BA"
111120100005,"CHAPA INOX. 2000x1000x0,5 A304 2B"
111P20100005,"CHAPA INOX. 2000x1000x0,5 A304 2B + PVC"
111520100008,"CHAPA INOX. 2000x1000x0,8 A304 PULIDO M+PVC"
111320100008,"CHAPA INOX. 2000x1000x0,8 A304 SAT+PVC"
117120100008,"CHAPA INOX. 2000x1000x0,8 A310"
119220100008,"CHAPA INOX. 2000x1000x0,8 A430 BAP"
119320100008,"CHAPA INOX. 2000x1000x0,8 A430 SAT+PVC"
119620100005D,CHAPA INOX. 2000x1000x0.5 A430 BA DET
111120100010,CHAPA INOX. 2000x1000x1 A304 2B
111P20100010,CHAPA INOX. 2000x1000x1 A304 2B + PVC
111520100010,CHAPA INOX. 2000x1000x1 A304 PULIDO M+PVC
111320100010,CHAPA INOX. 2000x1000x1 A304 SAT+PVC
115220100010,CHAPA INOX. 2000x1000x1 A316 BAP
115520100010,CHAPA INOX. 2000x1000x1 A316 PULIDA M+PVC
115320100010,CHAPA INOX. 2000x1000x1 A316 SAT+PVC
115120100010,CHAPA INOX. 2000x1000x1 A316L 2B
111120100012,"CHAPA INOX. 2000x1000x1,2 A304 2B"
111P20100012,"CHAPA INOX. 2000x1000x1,2 A304 2B + PVC"
111220100012,"CHAPA INOX. 2000x1000x1,2 A304 BAP"
111520100012,"CHAPA INOX. 2000x1000x1,2 A304 PULIDO M+PVC"
111320100012,"CHAPA INOX. 2000x1000x1,2 A304 SAT+PVC"
115120100012,"CHAPA INOX. 2000x1000x1,2 A316 2B"
115P20100012,"CHAPA INOX. 2000x1000x1,2 A316 2B + PVC"
119620100012,"CHAPA INOX. 2000x1000x1,2 A430 BA"
119220100012,"CHAPA INOX. 2000x1000x1,2 A430 BAP"
119320100012,"CHAPA INOX. 2000x1000x1,2 A430 SAT+PVC"
111120100015,"CHAPA INOX. 2000x1000x1,5 A304 2B"
111P20100015,"CHAPA INOX. 2000x1000x1,5 A304 2B + PVC"
111620100015,"CHAPA INOX. 2000x1000x1,5 A304 BA"
111520100015,"CHAPA INOX. 2000x1000x1,5 A304 PULIDO M+PVC"
111320100015,"CHAPA INOX. 2000x1000x1,5 A304 SAT+PVC"
11A120100015,"CHAPA INOX. 2000x1000x1,5 A431"
15112011508,"CHAPA INOX. 2000x1000x1,5 ABOCARDADO 8+8 A304"
111420100100,CHAPA INOX. 2000x1000x10 A304L LC
111520100100,CHAPA INOX. 2000x1000x10 A304L PULIDO M+PVC 1 CARA
111320100100,CHAPA INOX. 2000x1000x10 A304L SATIN+PVC (LC)
115420100120,CHAPA INOX. 2000x1000x12 A316 LC
111420100150,CHAPA INOX. 2000x1000x15 A304L LC
115420100150,CHAPA INOX. 2000x1000x15 A316L LC
111420100160,CHAPA INOX. 2000x1000x16 A304L LC
114120100020,CHAPA INOX. 2000x1000x2 A201 J4 2B
111120100020,CHAPA INOX. 2000x1000x2 A304 2B
111P20100020,CHAPA INOX. 2000x1000x2 A304 2B + PVC
111520100020,CHAPA INOX. 2000x1000x2 A304 PULIDO M+PVC
111320100020,CHAPA INOX. 2000x1000x2 A304 SAT+PVC
117120100020,CHAPA INOX. 2000x1000x2 A310S
115P20100020,CHAPA INOX. 2000x1000x2 A316 2B + PVC
115120100020,CHAPA INOX. 2000x1000x2 A316L 2B
115220100020,CHAPA INOX. 2000x1000x2 A316L BAP
116120100020,CHAPA INOX. 2000x1000x2 A321 2B
118120100020,CHAPA INOX. 2000x1000x2 A420 2B
119120100020,CHAPA INOX. 2000x1000x2 A430 2B
119220100020,CHAPA INOX. 2000x1000x2 A430 BAP
119320100020,CHAPA INOX. 2000x1000x2 A430 SAT+PVC
118320100020,CHAPA INOX. 2000x1000x2 A430 SATINADO
11A120100020,CHAPA INOX. 2000x1000x2 A431
111120100025,"CHAPA INOX. 2000x1000x2,5 A304 2B"
111P20100025,"CHAPA INOX. 2000x1000x2,5 A304 2B + PVC"
115320100025,"CHAPA INOX. 2000x1000x2,5 A316L SAT+PVC"
11T120100025,"CHAPA INOX. 2000x1000x2,5 A316Ti 2B"
119120100025,"CHAPA INOX. 2000x1000x2,5 A430 2B"
111420100200,CHAPA INOX. 2000x1000x20 A304L LC
115420100200,CHAPA INOX. 2000x1000x20 A316L LC
111420100250,CHAPA INOX. 2000x1000x25 A304L LC
115420100250,CHAPA INOX. 2000x1000x25 A316L LC
11T120100030,CHAPA INOX. 2000x1000x3  A316TI 2B
111120100030,CHAPA INOX. 2000x1000x3 A304 2B
111P20100030,CHAPA INOX. 2000x1000x3 A304 2B + PVC
111520100030,CHAPA INOX. 2000x1000x3 A304 PULIDO M+PVC
111320100030,CHAPA INOX. 2000x1000x3 A304 SATIN+PVC
111420100030,CHAPA INOX. 2000x1000x3 A304L LC
115P20100030,CHAPA INOX. 2000x1000x3 A316 2B + PVC
115120100030,CHAPA INOX. 2000x1000x3 A316L 2B
111520100040,CHAPA INOX. 2000x1000x4 A304 PULIDO M+PVC
111320100040,CHAPA INOX. 2000x1000x4 A304 SATIN+PVC
111120100040,CHAPA INOX. 2000x1000x4 A304L 2B
111420100040,CHAPA INOX. 2000x1000x4 A304L LC
115P20100040,CHAPA INOX. 2000x1000x4 A316 2B + PVC
115220100040,CHAPA INOX. 2000x1000x4 A316 BAP
115520100040,CHAPA INOX. 2000x1000x4 A316 PULIDA M+PVC
115120100040,CHAPA INOX. 2000x1000x4 A316L 2B
115420100040,CHAPA INOX. 2000x1000x4 A316L LC
115320100040,CHAPA INOX. 2000x1000x4 A316L SAT+PVC
116420100040,CHAPA INOX. 2000x1000x4 A321 LC
111520100050,CHAPA INOX. 2000x1000x5 A304 PULIDO M+PVC
111320100050,CHAPA INOX. 2000x1000x5 A304 SATIN+PVC
111120100050,CHAPA INOX. 2000x1000x5 A304L 2B
111420100050,CHAPA INOX. 2000x1000x5 A304L LC
115P20100050,CHAPA INOX. 2000x1000x5 A316 2B + PVC
115520100050,CHAPA INOX. 2000x1000x5 A316 PULIDA M+PVC
115120100050,CHAPA INOX. 2000x1000x5 A316L 2B
115420100050D,CHAPA INOX. 2000x1000x5 A316L DET. LC
115420100050,CHAPA INOX. 2000x1000x5 A316L LC
115320100050,CHAPA INOX. 2000x1000x5 A316L SAT+PVC
116420100050,CHAPA INOX. 2000x1000x5 A321 LC
111220100060,CHAPA INOX. 2000x1000x6 A304 BAP
111520100060,CHAPA INOX. 2000x1000x6 A304 PULIDO M+PVC
111320100060,CHAPA INOX. 2000x1000x6 A304 SATIN+PVC
111120100060,CHAPA INOX. 2000x1000x6 A304L 2B
111420100060,CHAPA INOX. 2000x1000x6 A304L LC
111420100080,CHAPA INOX. 2000x1000x8 A304L LC
111320100080,CHAPA INOX. 2000x1000x8 A304L SATIN+PVC (LC)
115420100080,CHAPA INOX. 2000x1000x8 A316L LC
115320100080,CHAPA INOX. 2000x1000x8 A316L SAT+PVC
119625125010,CHAPA INOX. 2500x1250x1 A430 BA
111125125012,"CHAPA INOX. 2500x1250x1,2 A304 2B"
115125125012,"CHAPA INOX. 2500x1250x1,2 A316L 2B"
111125125015,"CHAPA INOX. 2500x1250x1,5 A304 2B"
111P25125015,"CHAPA INOX. 2500x1250x1,5 A304 2B + PVC"
111P30100012,"CHAPA INOX. 3000x1000x1,2 A304 2B + PVC"
115130100012,"CHAPA INOX. 3000x1000x1,2 A316 2B"
111130100015,"CHAPA INOX. 3000x1000x1,5 A304 2B"
111P30100015,"CHAPA INOX. 3000x1000x1,5 A304 2B + PVC"
111330100015,"CHAPA INOX. 3000x1000x1,5 A304 SAT+PVC"
111430100100,CHAPA INOX. 3000x1000x10 A304L LC
119130125010,CHAPA INOX. 3000x1250x1 A430 2B
119630125010,CHAPA INOX. 3000x1250x1 A430 BA
119230125010,CHAPA INOX. 3000x1250x1 A430 BAP
119330125010,CHAPA INOX. 3000x1250x1 A430 SAT+PVC
111130125012,"CHAPA INOX. 3000x1250x1,2 A304 2B"
111P30125012,"CHAPA INOX. 3000x1250x1,2 A304 2B + PVC"
111230125012,"CHAPA INOX. 3000x1250x1,2 A304 BAP"
111F30125012,"CHAPA INOX. 3000x1250x1,2 A304 DUPLO"
119D30125012,"CHAPA INOX. 3000x1250x1,2 A430 BA (2CAR)"
119230125012,"CHAPA INOX. 3000x1250x1,2 A430 BAP"
11T130125015,"CHAPA INOX. 3000x1250x1,5  A316TI 2B"
111130125015,"CHAPA INOX. 3000x1250x1,5 A304 2B"
111P30125015,"CHAPA INOX. 3000x1250x1,5 A304 2B + PVC"
111230125015,"CHAPA INOX. 3000x1250x1,5 A304 BAP"
111E30125015,"CHAPA INOX. 3000x1250x1,5 A304 BAP-ESPECIALES"
111530125015,"CHAPA INOX. 3000x1250x1,5 A304 PULIDO M+PVC"
111330125015,"CHAPA INOX. 3000x1250x1,5 A304 SATIN+PVC"
115P30125015,"CHAPA INOX. 3000x1250x1,5 A316 2B + PVC"
111530125020,CHAPA INOX. 3000x1250x2 A304 PULIDO M+PVC
111330125020,CHAPA INOX. 3000x1250x2 A304 SATIN+PVC
115P30125020,CHAPA INOX. 3000x1250x2 A316 2B + PVC
115130125025,"CHAPA INOX. 3000x1250x2,5 A316L 2B"
119130125025,"CHAPA INOX. 3000x1250x2,5 A430 2B"
111130125030,CHAPA INOX. 3000x1250x3 A304 2B
111P30125030,CHAPA INOX. 3000x1250x3 A304 2B + PVC
111530150008,"CHAPA INOX. 3000x1500x0,8 A304 PULIDO M+PVC"
111530150009,"CHAPA INOX. 3000x1500x0,8 A304 PULIDO M+PVC DETERIORADO"
111330150008,"CHAPA INOX. 3000x1500x0,8 A304 SATIN+PVC"
111330150010,CHAPA INOX. 3000x1500x1 A304 SATIN+PVC
115230150010,CHAPA INOX. 3000x1500x1 A316 BA+PVC
115530150010,CHAPA INOX. 3000x1500x1 A316 PULIDA M+PVC
115330150010,CHAPA INOX. 3000x1500x1 A316 SAT+PVC
115130150010,CHAPA INOX. 3000x1500x1 A316L 2B
11T130150010,CHAPA INOX. 3000x1500x1 A316TI 2B
119230150010,CHAPA INOX. 3000x1500x1 A430 BAP
119330150010,CHAPA INOX. 3000x1500x1 A430 SAT+PVC
111130150012,"CHAPA INOX. 3000x1500x1,2 A304 2B"
111P30150012,"CHAPA INOX. 3000x1500x1,2 A304 2B + PVC"
115330150012,"CHAPA INOX. 3000x1500x1,2 A316L SAT+PVC"
11T130150012,"CHAPA INOX. 3000x1500x1,2 A316TI 2B"
119330150012,"CHAPA INOX. 3000x1500x1,2 A430 SAT+PVC"
111130150015,"CHAPA INOX. 3000x1500x1,5 A304 2B"
111P30150015,"CHAPA INOX. 3000x1500x1,5 A304 2B + PVC"
111630150015,"CHAPA INOX. 3000x1500x1,5 A304 BA"
111230150015,"CHAPA INOX. 3000x1500x1,5 A304 BAP"
115130150015,"CHAPA INOX. 3000x1500x1,5 A316L 2B"
115330150015,"CHAPA INOX. 3000x1500x1,5 A316L SAT+PVC"
11T130150015,"CHAPA INOX. 3000x1500x1,5 A316TI 2B"
119130150015,"CHAPA INOX. 3000x1500x1,5 A430 2B"
111330150017,"CHAPA INOX. 3000x1500x1,7 A304 SATIN."
111230150100,CHAPA INOX. 3000x1500x10 A304 BA+PVC
111330150100,CHAPA INOX. 3000x1500x10 A304 SATIN+PVC
111430150100,CHAPA INOX. 3000x1500x10 A304L LC
115430150100,CHAPA INOX. 3000x1500x10 A316L LC
11T430150100,CHAPA INOX. 3000x1500x10 A316Ti 1.4571
116430150100,CHAPA INOX. 3000x1500x10 A321 LC
11T430150120,CHAPA INOX. 3000x1500x12 A316TI LC
111430150150,CHAPA INOX. 3000x1500x15 A304L LC
115430150150,CHAPA INOX. 3000x1500x15 A316L LC
11T430150150,CHAPA INOX. 3000x1500x15 A316Ti 1.4571
111430150160,CHAPA INOX. 3000x1500x16 A304L LC
111430150180,CHAPA INOX. 3000x1500x18 A304L LC
111130150020,CHAPA INOX. 3000x1500x2 A304 2B
111P30150020,CHAPA INOX. 3000x1500x2 A304 2B + PVC
111630150020,CHAPA INOX. 3000x1500x2 A304 BA
111230150020,CHAPA INOX. 3000x1500x2 A304 BAP
115230150020,CHAPA INOX. 3000x1500x2 A316 BA+PVC
115530150020,CHAPA INOX. 3000x1500x2 A316 PULIDA M+PVC
115330150020,CHAPA INOX. 3000x1500x2 A316 SAT+PVC
115130150020,CHAPA INOX. 3000x1500x2 A316L 2B
119630150020,CHAPA INOX. 3000x1500x2 A430 BA
119230150020,CHAPA INOX. 3000x1500x2 A430 BAP
119330150020,CHAPA INOX. 3000x1500x2 A430 SAT+PVC
111130150025,"CHAPA INOX. 3000x1500x2,5 A304 2B"
111P30150025,"CHAPA INOX. 3000x1500x2,5 A304 2B + PVC"
111330150025,"CHAPA INOX. 3000x1500x2,5 A304 SAT+PVC"
115P30150025,"CHAPA INOX. 3000x1500x2,5 A316 2B + PVC"
115530150025,"CHAPA INOX. 3000x1500x2,5 A316 PULIDA M+PVC"
115330150025,"CHAPA INOX. 3000x1500x2,5 A316 SAT+PVC"
115130150025,"CHAPA INOX. 3000x1500x2,5 A316L 2B"
111330150030,CHAPA INOX. 3000x1500x3 A304 SAT+PVC
111130150030,CHAPA INOX. 3000x1500x3 A304L 2B
111430150030,CHAPA INOX. 3000x1500x3 A304L LC
117130150030,CHAPA INOX. 3000x1500x3 A310S 2B
115P30150030,CHAPA INOX. 3000x1500x3 A316 2B + PVC
115530150030,CHAPA INOX. 3000x1500x3 A316 PULIDA M+PVC
115330150030,CHAPA INOX. 3000x1500x3 A316 SAT+PVC
115130150030,CHAPA INOX. 3000x1500x3 A316L 2B
111530150040,CHAPA INOX. 3000x1500x4 A304 PULIDO M+PVC
111330150040,CHAPA INOX. 3000x1500x4 A304 SAT+PVC
111130150040,CHAPA INOX. 3000x1500x4 A304L 2B
111P30150040,CHAPA INOX. 3000x1500x4 A304L 2B + PVC
111F30150040,CHAPA INOX. 3000x1500x4 A304L DUPLO
111430150040,CHAPA INOX. 3000x1500x4 A304L LC
115P30150040,CHAPA INOX. 3000x1500x4 A316 2B + PVC
115530150040,CHAPA INOX. 3000x1500x4 A316 PULIDA M+PVC
115330150040,CHAPA INOX. 3000x1500x4 A316 SAT+PVC
115130150040,CHAPA INOX. 3000x1500x4 A316L 2B
115430150040,CHAPA INOX. 3000x1500x4 A316L LC
11T130150040,CHAPA INOX. 3000x1500x4 A316TI 2B
11T430150040,CHAPA INOX. 3000x1500x4 A316TI LC
111P30150050,CHAPA INOX. 3000x1500x5 A304L 2B + PVC
111F30150050,CHAPA INOX. 3000x1500x5 A304L DUPLO
111430150050,CHAPA INOX. 3000x1500x5 A304L LC
115P30150050,CHAPA INOX. 3000x1500x5 A316 2B + PVC
115130150050,CHAPA INOX. 3000x1500x5 A316L 2B
115430150050,CHAPA INOX. 3000x1500x5 A316L LC
116430150050,CHAPA INOX. 3000x1500x5 A321 LC
111230150060,CHAPA INOX. 3000x1500x6 A304 BAP
111F30150060,CHAPA INOX. 3000x1500x6 A304L DUPLO
111430150060,CHAPA INOX. 3000x1500x6 A304L LC
111330150060,CHAPA INOX. 3000x1500x6 A304L SATIN+PVC
111130150080,CHAPA INOX. 3000x1500x8 A304L 2B
111230150080,CHAPA INOX. 3000x1500x8 A304L BAP
111F30150080,CHAPA INOX. 3000x1500x8 A304L DUPLO
111430150080,CHAPA INOX. 3000x1500x8 A304L LC
111330150080,CHAPA INOX. 3000x1500x8 A304L SATIN+PVC
111340125012,"CHAPA INOX. 4000x1250x1,2 A304 SATIN+PVC"
111140125015,"CHAPA INOX. 4000x1250x1,5 A304 2B"
111240125015,"CHAPA INOX. 4000x1250x1,5 A304 BAP"
111E40125015,"CHAPA INOX. 4000x1250x1,5 A304 BAP-ESPECIALES"
111340125015,"CHAPA INOX. 4000x1250x1,5 A304 SATIN+PVC"
115440150120,CHAPA INOX. 4000x1500x12 A316L LC
111440150150,CHAPA INOX. 4000x1500x15 A304L LC
115440150150,CHAPA INOX. 4000x1500x15 A316L LC
111140150020,CHAPA INOX. 4000x1500x2 A304 2B
111P40150020,CHAPA INOX. 4000x1500x2 A304 2B + PVC
111240150030,CHAPA INOX. 4000x1500x3 A304 BA+PVC
111340150030,CHAPA INOX. 4000x1500x3 A304 SATIN+PVC
111440150030,CHAPA INOX. 4000x1500x3 A304L LC
115P40150030,CHAPA INOX. 4000x1500x3 A316 2B + PVC
115140150030,CHAPA INOX. 4000x1500x3 A316L 2B
111340200150,CHAPA INOX. 4000x2000x15 A304 SATIN+PV L.C
111440200150,CHAPA INOX. 4000x2000x15 A304L LC
115440200150,CHAPA INOX. 4000x2000x15 A316L LC
111140200020,CHAPA INOX. 4000x2000x2 A304 2B
111P40200020,CHAPA INOX. 4000x2000x2 A304 2B+PVC
111340200020,CHAPA INOX. 4000x2000x2 A304 SAT+PVC
115P40200020,CHAPA INOX. 4000x2000x2 A316 2B + PVC
115140200020,CHAPA INOX. 4000x2000x2 A316L 2B
111140200025,"CHAPA INOX. 4000x2000x2,5 A304 2B"
111P40200025,"CHAPA INOX. 4000x2000x2,5 A304 2B+PVC"
115P40200025,"CHAPA INOX. 4000x2000x2,5 A316 2B + PVC"
115140200025,"CHAPA INOX. 4000x2000x2,5 A316L 2B"
111140200030,CHAPA INOX. 4000x2000x3 A304 2B
111P40200030,CHAPA INOX. 4000x2000x3 A304 2B + PVC
111340200030,CHAPA INOX. 4000x2000x3 A304 SAT+PVC
111440200030,CHAPA INOX. 4000x2000x3 A304L LC
115P40200030,CHAPA INOX. 4000x2000x3 A316 2B + PVC
115140200030,CHAPA INOX. 4000x2000x3 A316L 2B
111P40200040,CHAPA INOX. 4000x2000x4 A304 2B + PVC
111140200040,CHAPA INOX. 4000x2000x4 A304L 2B
111440200040,CHAPA INOX. 4000x2000x4 A304L LC
115140200040,CHAPA INOX. 4000x2000x4 A316L 2B
115440200040,CHAPA INOX. 4000x2000x4 A316L LC
111440200050,CHAPA INOX. 4000x2000x5 A304L LC
115140200050,CHAPA INOX. 4000x2000x5 A316L 2B
115440200050,CHAPA INOX. 4000x2000x5 A316L LC
111140200060,CHAPA INOX. 4000x2000x6 A304 2B
111440200060,CHAPA INOX. 4000x2000x6 A304L LC
115440200060,CHAPA INOX. 4000x2000x6 A316L LC
111440200080,CHAPA INOX. 4000x2000x8 A304L LC
115440200080,CHAPA INOX. 4000x2000x8 A316L LC
111260125015,"CHAPA INOX. 6000x1250x1,5 A304 BA+PVC"
111160125020,CHAPA INOX. 6000x1250x2 A304 2B
111P60125020,CHAPA INOX. 6000x1250x2 A304 2B + PVC
111160125030,CHAPA INOX. 6000x1250x3 A304 2B
111P60125030,CHAPA INOX. 6000x1250x3 A304 2B + PVC
111260150010,CHAPA INOX. 6000x1500x1 A304 BA+PVC
115460150350,CHAPA INOX. 6000x1500x35 A316L LC
111P60150040,CHAPA INOX. 6000x1500x4 A304 2B + PVC
111160150040,CHAPA INOX. 6000x1500x4 A304L 2B
111460150040,CHAPA INOX. 6000x1500x4 A304L LC
115P60150040,CHAPA INOX. 6000x1500x4 A316 2B + PVC
115160150040,CHAPA INOX. 6000x1500x4 A316L 2B
115160150050,CHAPA INOX. 6000x1500x5 A316L 2B
115460150050,CHAPA INOX. 6000x1500x5 A316L LC
111160150060,CHAPA INOX. 6000x1500x6 A304L 2B
111460150060,CHAPA INOX. 6000x1500x6 A304L LC
111360150060,CHAPA INOX. 6000x1500x6 A304L SATIN+PVC
115460200030,CHAPA INOX. 6000x2000x3 A316L LC
111P60200040,CHAPA INOX. 6000x2000x4 A304 2B + PVC
111160200040,CHAPA INOX. 6000x2000x4 A304L 2B
111460200040,CHAPA INOX. 6000x2000x4 A304L LC
115P60200040,CHAPA INOX. 6000x2000x4 A316 2B + PVC
115160200040,CHAPA INOX. 6000x2000x4 A316L 2B
115160200050,CHAPA INOX. 6000x2000x5 A316L 2B
115460200050,CHAPA INOX. 6000x2000x5 A316L LC
111160200060,CHAPA INOX. 6000x2000x6 A304 2B
111460200060,CHAPA INOX. 6000x2000x6 A304L LC
117160200060,CHAPA INOX. 6000x2000x6 A310S 2E
115490250100,CHAPA INOX. 9000x2500x10 A316L LC
111300000000,CHAPA INOX. A-304 SATIN.FUERA DE MEDIDA
1L14201030,CHAPA LAGRIMADA 2000x1000x3 A304 - ASTM
1M14201030,CHAPA LAGRIMADA 2000x1000x3 A304 - DIN
1L54201030,CHAPA LAGRIMADA 2000x1000x3 A316L
1L14201035,"CHAPA LAGRIMADA 2000x1000x3,5 A304"
251115,CUADRADO INOX. A-304 de 15 CALIBRADO
251116,CUADRADO INOX. A-304 de 16 CALIBRADO
251120,CUADRADO INOX. A-304 de 20 CALIBRADO
251125,CUADRADO INOX. A-304 de 25 CALIBRADO
251325,CUADRADO INOX. A-304 de 25 SATINADO
2614025,CUADRADO INOX. A-304 de 25 mm.
2614050,CUADRADO INOX. A-304 de 50 mm.
251106,CUADRADO INOX. A-304 de 6 CALIBRADO
251206,CUADRADO INOX. A-304 de 6 CALIBRADO  BRILLO
251160,CUADRADO INOX. A-304 de 60 CALIBRADO
2614060,CUADRADO INOX. A-304 de 60 mm.
2614065,CUADRADO INOX. A-304 de 65 mm.
222108,HEXAGONAL INOX. A-303 de 8 mm.
221110,HEXAGONAL INOX. A-304 de 10 mm.
221112,HEXAGONAL INOX. A-304 de 12 mm.
221113,HEXAGONAL INOX. A-304 de 13 mm.
221114,HEXAGONAL INOX. A-304 de 14 mm.
221117,HEXAGONAL INOX. A-304 de 17 mm.
9400070,JUNTA ENLACE ENO DN-70
9400080,JUNTA ENLACE ENO DN-80
5J11025275,"JUNTA EXPANSION 2 1/2\"" CON CAMISA INTERIOR A304L (Dilatador)"
41C00100,JUNTA GOMA TIPO 1 DN-100 SBR PN10/16
41C00125,JUNTA GOMA TIPO 1 DN-125 SBR PN10/16
41C00150,JUNTA GOMA TIPO 1 DN-150 SBR PN10/16
41C00040,JUNTA GOMA TIPO 1 DN-40 SBR PN10/16
41C00050,JUNTA GOMA TIPO 1 DN-50 SBR PN10/16
41C00065,JUNTA GOMA TIPO 1 DN-65 SBR PN10/16
41C00080,JUNTA GOMA TIPO 1 DN-80 SBR PN10/16
CPL00031213,"JUNTA PL-03  EPDM 12-13,52"
CPL00031617,"JUNTA PL-03  EPDM 16,38-17,52"
245310005,PLETINA 100x5 INOX. A316 SATINADA
231410050,PLETINA 100x50 INOX. A304 LAMINADA
241410006,PLETINA 100x6 INOX. A304
241210006,PLETINA 100x6 INOX. A304 PULIDA
241310006,PLETINA 100x6 INOX. A304 SATINADA
245410006,PLETINA 100x6 INOX. A316
245210006,PLETINA 100x6 INOX. A316 PULIDA
241410008,PLETINA 100x8 INOX. A304
231410008,PLETINA 100x8 INOX. A304 LAMINADA
241210008,PLETINA 100x8 INOX. A304 PULIDA
241412008,PLETINA 120x8 INOX. A304
241212008,PLETINA 120x8 INOX. A304 PULIDA
241312008,PLETINA 120x8 INOX. A304 SATINADO
245412008,PLETINA 120x8 INOX. A316
245212008,PLETINA 120x8 INOX. A316 PULIDA
241412570,PLETINA 125x70 INOX. A304
241402515,PLETINA 25x15 INOX. A304
231402515,PLETINA 25x15 INOX. A304 LAMINADA
235402515,PLETINA 25x15 INOX. A316 LAMINADA
231402520,PLETINA 25x20 INOX. A304 LAMINADA
241402503,PLETINA 25x3 INOX. A304
231402503,PLETINA 25x3 INOX. A304 LAMINADA
241202503,PLETINA 25x3 INOX. A304 PULIDA
241203003,PLETINA 30x3 INOX. A304 PULIDA
241303003,PLETINA 30x3 INOX. A304 SATINADA
245403003,PLETINA 30x3 INOX. A316
241403004,PLETINA 30x4 INOX. A304
241203004,PLETINA 30x4 INOX. A304 PULIDA
241303004,PLETINA 30x4 INOX. A304 SATINADA
231403006,PLETINA 30x6 INOX. A304 LAMINADA
241203006,PLETINA 30x6 INOX. A304 PULIDA
241303006,PLETINA 30x6 INOX. A304 SATINADA
245403006,PLETINA 30x6 INOX. A316
235403006,PLETINA 30x6 INOX. A316 LAMINADA
245203006,PLETINA 30x6 INOX. A316 PULIDA
245404003,PLETINA 40x3 INOX. A316
245204003,PLETINA 40x3 INOX. A316 PULIDA
231404030,PLETINA 40x30 INOX. A304 LAMINADA
241404004,PLETINA 40x4 INOX. A304
241204004,PLETINA 40x4 INOX. A304 PULIDA
245404004,PLETINA 40x4 INOX. A316
245204004,PLETINA 40x4 INOX. A316 PULIDA
245304004,PLETINA 40x4 INOX. A316 SATINADA
241404005,PLETINA 40x5 INOX. A304
241204005,PLETINA 40x5 INOX. A304 PULIDA
241304005,PLETINA 40x5 INOX. A304 SATINADA
245404005,PLETINA 40x5 INOX. A316
245204005,PLETINA 40x5 INOX. A316 PULIDA
245304005,PLETINA 40x5 INOX. A316 SATINADA
241404006,PLETINA 40x6 INOX. A304
231404006,PLETINA 40x6 INOX. A304 LAMINADA
241204006,PLETINA 40x6 INOX. A304 PULIDA
245204006,PLETINA 40x6 INOX. A316 PULIDA
245304006,PLETINA 40x6 INOX. A316 SATIN.
231304008,PLETINA 40x8 A304 LAMINADA SATINADA
241404008,PLETINA 40x8 INOX. A304
231404008,PLETINA 40x8 INOX. A304 LAMINADA
241204008,PLETINA 40x8 INOX. A304 PULIDA
245405015,PLETINA 50x15 INOX. A316
235405015,PLETINA 50x15 INOX. A316 LAMINADA
241405020,PLETINA 50x20 INOX. A304
231405020,PLETINA 50x20 INOX. A304 LAMINADA
231205020,PLETINA 50x20 INOX. A304 LAMINADA PULIDA
245405020,PLETINA 50x20 INOX. A316
241305005,PLETINA 50x5 INOX. A304 SATINADA
245405005,PLETINA 50x5 INOX. A316
245205005,PLETINA 50x5 INOX. A316 PULIDA
241405006,PLETINA 50x6 INOX. A304
241205006,PLETINA 50x6 INOX. A304 PULIDA
241305006,PLETINA 50x6 INOX. A304 SATINADA
245405006,PLETINA 50x6 INOX. A316
235405006,PLETINA 50x6 INOX. A316 LAMINADA
245205006,PLETINA 50x6 INOX. A316 PULIDA
241405008,PLETINA 50x8 INOX. A304
231405008,PLETINA 50x8 INOX. A304 LAMINADA
241205008,PLETINA 50x8 INOX. A304 PULIDA
235406012,PLETINA 60x12 INOX. A316 LAMINADA
231306015,PLETINA 60x15 A304 LAMINADA SATINADA
241406015,PLETINA 60x15 INOX. A304
231406015,PLETINA 60x15 INOX. A304 LAMINADA
241206015,PLETINA 60x15 INOX. A304 PULIDA
245406015,PLETINA 60x15 INOX. A316
241206004,PLETINA 60x4 INOX. A304 PULIDA
241306004,PLETINA 60x4 INOX. A304 SATINADA
245406004,PLETINA 60x4 INOX. A316
231406040,PLETINA 60x40 INOX. A304 LAMINADA
235406040,PLETINA 60x40 INOX. A316 LAMINADA
231406005,PLETINA 60x5  INOX. A304 LAMINADA
245406005,PLETINA 60x5 INOX. A316
245206005,PLETINA 60x5 INOX. A316 PULIDA
231406050,PLETINA 60x50 INOX. A304 LAMINADA
241406006,PLETINA 60x6 INOX. A304
231406006,PLETINA 60x6 INOX. A304 LAMINADA
241206006,PLETINA 60x6 INOX. A304 PULIDA
241306006,PLETINA 60x6 INOX. A304 SATINADA
245406006,PLETINA 60x6 INOX. A316
231406008,PLETINA 60x8  INOX. A304 LAMINADA
241406008,PLETINA 60x8 INOX. A304
241206008,PLETINA 60x8 INOX. A304 PULIDA
241306008,PLETINA 60x8 INOX. A304 SATINADA
235407025,PLETINA 70x25 INOX. A316 LAMINADA
231407030,PLETINA 70x30 INOX. A304 LAMINADA
241407004,PLETINA 70x4 INOX. A304
231407040,PLETINA 70x40 INOX. A304 LAMINADA
235407040,PLETINA 70x40 INOX. A316 LAMINADA
231407050,PLETINA 70x50 INOX. A304 LAMINADA
245408006,PLETINA 80x6 INOX. A316
245208006,PLETINA 80x6 INOX. A316 PULIDA
231408060,PLETINA 80x60 INOX. A304 LAMINADA
241408008,PLETINA 80x8 INOX. A304
231408008,PLETINA 80x8 INOX. A304 LAMINADA
241208008,PLETINA 80x8 INOX. A304 PULIDA
21120250,REDONDO INOX A-304 de  25 PULIDO
21120060,REDONDO INOX.  A-304 de 6  PULIDO
21200100,REDONDO INOX. A-303 de 10
21201000,REDONDO INOX. A-303 de 100
21201050,REDONDO INOX. A-303 de 105
21200110,REDONDO INOX. A-303 de 11 mm. H-9
21201900,REDONDO INOX. A-303 de 190
21200200,REDONDO INOX. A-303 de 20
21202000,REDONDO INOX. A-303 de 200
21200220,REDONDO INOX. A-303 de 22
21202300,REDONDO INOX. A-303 de 230
21200240,REDONDO INOX. A-303 de 24
21200850,REDONDO INOX. A-303 de 85
21200090,REDONDO INOX. A-303 de 9
21200900,REDONDO INOX. A-303 de 90
21120200,REDONDO INOX. A-304 DE 20 PULIDO
21100100,REDONDO INOX. A-304 de 10
21120100,REDONDO INOX. A-304 de 10 PULIDO
2R10100,REDONDO INOX. A-304 de 10 ROLLO-ALAMBRE
21100110,REDONDO INOX. A-304 de 11
21101100,REDONDO INOX. A-304 de 110
21101150,REDONDO INOX. A-304 de 115
21100120,REDONDO INOX. A-304 de 12
21120120,REDONDO INOX. A-304 de 12 PULIDO
21130120,REDONDO INOX. A-304 de 12 SATINADO
21120140,REDONDO INOX. A-304 de 14 PULIDO
21101400,REDONDO INOX. A-304 de 140
21101450,REDONDO INOX. A-304 de 145
21100150,REDONDO INOX. A-304 de 15
21120150,REDONDO INOX. A-304 de 15 PULIDO
21101500,REDONDO INOX. A-304 de 150
21101550,REDONDO INOX. A-304 de 155
21100160,REDONDO INOX. A-304 de 16
21120160,REDONDO INOX. A-304 de 16 PULIDO
21130160,REDONDO INOX. A-304 de 16 SATINADO
21102300,REDONDO INOX. A-304 de 230
21100240,REDONDO INOX. A-304 de 24
21102400,REDONDO INOX. A-304 de 240
21100250,REDONDO INOX. A-304 de 25
21100251,REDONDO INOX. A-304 de 25 h9
21102500,REDONDO INOX. A-304 de 250
21100030,REDONDO INOX. A-304 de 3
21120030,REDONDO INOX. A-304 de 3  BRILLO
21100035,"REDONDO INOX. A-304 de 3,5"
21100300,REDONDO INOX. A-304 de 30
21130300,REDONDO INOX. A-304 de 30 SATINADO
21100301,REDONDO INOX. A-304 de 30 h9
21100320,REDONDO INOX. A-304 de 32
21120320,REDONDO INOX. A-304 de 32 BRILLO
21103250,REDONDO INOX. A-304 de 325
21100350,REDONDO INOX. A-304 de 35
21100351,REDONDO INOX. A-304 de 35 h9
21103500,REDONDO INOX. A-304 de 350
21120040,REDONDO INOX. A-304 de 4  PULIDO
2R1040,REDONDO INOX. A-304 de 4 ROLLO-ALAMBRE
21100045,"REDONDO INOX. A-304 de 4,5"
21100400,REDONDO INOX. A-304 de 40
21100401,REDONDO INOX. A-304 de 40 h9
21104000,REDONDO INOX. A-304 de 400
21100500,REDONDO INOX. A-304 de 50
21100501,REDONDO INOX. A-304 de 50 h9
21100520,REDONDO INOX. A-304 de 52
21100550,REDONDO INOX. A-304 de 55
21100060,REDONDO INOX. A-304 de 6
2R1060,REDONDO INOX. A-304 de 6 ROLLO-ALAMBRE
21100065,"REDONDO INOX. A-304 de 6,5"
21100600,REDONDO INOX. A-304 de 60
21100620,REDONDO INOX. A-304 de 62
21100650,REDONDO INOX. A-304 de 65
21100070,REDONDO INOX. A-304 de 7
21100075,"REDONDO INOX. A-304 de 7,5"
21100700,REDONDO INOX. A-304 de 70
21100750,REDONDO INOX. A-304 de 75
21100080,REDONDO INOX. A-304 de 8
21120080,REDONDO INOX. A-304 de 8 PULIDO
2R1080,REDONDO INOX. A-304 de 8 ROLLO-ALAMBRE
21700060,REDONDO INOX. A-310s de 6
21700080,REDONDO INOX. A-310s de 8
21700900,REDONDO INOX. A-310s de 90
21500100,REDONDO INOX. A-316 de 10
21501000,REDONDO INOX. A-316 de 100
21501050,REDONDO INOX. A-316 de 105
21500130,REDONDO INOX. A-316 de 13
21501300,REDONDO INOX. A-316 de 130
21501350,REDONDO INOX. A-316 de 135
21500140,REDONDO INOX. A-316 de 14
21501400,REDONDO INOX. A-316 de 140
21501450,REDONDO INOX. A-316 de 145
21501900,REDONDO INOX. A-316 de 190
21501950,REDONDO INOX. A-316 de 195
21500020,REDONDO INOX. A-316 de 2
21500200,REDONDO INOX. A-316 de 20
21502000,REDONDO INOX. A-316 de 200
21502100,REDONDO INOX. A-316 de 210
21500220,REDONDO INOX. A-316 de 22
21502200,REDONDO INOX. A-316 de 220
21502300,REDONDO INOX. A-316 de 230
21500280,REDONDO INOX. A-316 de 28
21502800,REDONDO INOX. A-316 de 280
21502900,REDONDO INOX. A-316 de 290
21500030,REDONDO INOX. A-316 de 3
21500300,REDONDO INOX. A-316 de 30
21503000,REDONDO INOX. A-316 de 300
21500320,REDONDO INOX. A-316 de 32
21500420,REDONDO INOX. A-316 de 42
21500450,REDONDO INOX. A-316 de 45
21500480,REDONDO INOX. A-316 de 48
21500050,REDONDO INOX. A-316 de 5
21500500,REDONDO INOX. A-316 de 50
21500520,REDONDO INOX. A-316 de 52
21500550,REDONDO INOX. A-316 de 55
21500060,REDONDO INOX. A-316 de 6
21500600,REDONDO INOX. A-316 de 60
21500620,REDONDO INOX. A-316 de 62
21500070,REDONDO INOX. A-316 de 7
21500700,REDONDO INOX. A-316 de 70
21500750,REDONDO INOX. A-316 de 75
21500080,REDONDO INOX. A-316 de 8
21500800,REDONDO INOX. A-316 de 80
21500850,REDONDO INOX. A-316 de 85
21500090,REDONDO INOX. A-316 de 9
21500900,REDONDO INOX. A-316 de 90
21500950,REDONDO INOX. A-316 de 95
21T01600,REDONDO INOX. A-316TI de 160
21T00200,REDONDO INOX. A-316TI de 20
4B6111683114320,"REDUCCION 168,3/114,3 EXCENTRICA A304"
4B5511683139720,"REDUCCION 168,3/139,7 CONCEN.A316"
4B6111683139720,"REDUCCION 168,3/139,7 EXCENTRICA A-304"
4B5511683088920,"REDUCCION 168,3/88,9 CONCENT.A316"
4B5112040104020,REDUCCION 204/104 CONCENT.A-304
4B5512040104020,REDUCCION 204/104 CONCENT.A316L
611079760630317,"TORNILLO HEX. ROSC.CHAPA D-7976 6,3x31,7 A2"
611079710350320,"TORNILLO M-7971 3,5x32 C/CILINDRICA"
611079710390380,"TORNILLO M-7971 3,9x38 C/CILINDRICA"
191111,TRAMEX INOX. 1x1 30/2 10/2 DECAPADO A304
191121,TRAMEX INOX. 2x1 30/2 10/2 DECAPADO A304
191221,TRAMEX INOX.30/30/30/2/10-2 ELECPULI.2x1
F031110006,"TUBO 10x0,6 INOX. A-304"
34T110040,TUBO INOX. 100x100x4 A316 TI
341210040,TUBO INOX. 100x100x4 PULIDO A304
341310040,TUBO INOX. 100x100x4 SATIN A304
341110050,TUBO INOX. 100x100x5 A304 CS
345110050,TUBO INOX. 100x100x5 A316 CS
341210050,TUBO INOX. 100x100x5 PULIDO A-304
351310002020,TUBO INOX. 100x20x2 SATIN A304
351110004020,TUBO INOX. 100x40x2 A304 2B
355210004020,TUBO INOX. 100x40x2 A316 PULIDO
355110004020,TUBO INOX. 100x40x2 A316L
351210004020,TUBO INOX. 100x40x2 PULIDO A304
351310004020,TUBO INOX. 100x40x2 SATIN. A304
351210005020,TUBO INOX. 100x50x2 PULIDO A304
351210005021,TUBO INOX. 100x50x2 PULIDO A304 DETERIORADO
351310005020,TUBO INOX. 100x50x2 SATIN. A304
351110005030,TUBO INOX. 100x50x3 A304 CS
355110005030,TUBO INOX. 100x50x3 A316
35T110005030,TUBO INOX. 100x50x3 A316Ti
351212004020,TUBO INOX. 120X40X2 PULIDO A304
351212006030,TUBO INOX. 120X60X3 PULIDO A304
341112020,TUBO INOX. 120x120x2 A304
341112030,TUBO INOX. 120x120x3 A304
341312030,TUBO INOX. 120x120x3 A304 SATIN
345112030,TUBO INOX. 120x120x3 A316 CS
351212006020,TUBO INOX. 120x60x2 PULIDO A304
351312006020,TUBO INOX. 120x60x2 SATIN. A304
351112006030,TUBO INOX. 120x60x3 A304 CS
355112006030,TUBO INOX. 120x60x3 A316L
351312006030,TUBO INOX. 120x60x3 SATIN. A304
351120015050,TUBO INOX. 200x150x5 A304
351120015060,TUBO INOX. 200x150x6 A304 CS
341120010,TUBO INOX. 200x200x10 A304 CS
341120030,TUBO INOX. 200x200x3 A304 CS
345120030,TUBO INOX. 200x200x3 A316 CS
345120040,TUBO INOX. 200x200x4  A316 CS
3151020010,TUBO INOX. 20x1 A316 TIG 2B
3112020010,TUBO INOX. 20x1 PULIDO A304 TIG
3113020010,TUBO INOX. 20x1 SATIN. A304 TIG
3311020015,"TUBO INOX. 20x1,5 A304 2B DC"
3312020015,"TUBO INOX. 20x1,5 A304 PULIDO DC"
3313020015,"TUBO INOX. 20x1,5 A304 SATIN. DC"
345102010,TUBO INOX. 20x20x1 A316 2B
341202010,TUBO INOX. 20x20x1 PULIDO A304 CS
341302010,TUBO INOX. 20x20x1 SATIN. CS A304
341102015,"TUBO INOX. 20x20x1,5 A304 2B"
345102015,"TUBO INOX. 20x20x1,5 A316 2B"
345202015,"TUBO INOX. 20x20x1,5 A316 PULIDO"
3112025010,TUBO INOX. 25x1 PULIDO A304 TIG
3311025012,"TUBO INOX. 25x1,2 A304 2B DC"
3111025012,"TUBO INOX. 25x1,2 A304 TIG 2B"
3311025015,"TUBO INOX. 25x1,5 A304 2B DC"
3312025015,"TUBO INOX. 25x1,5 A304 PULIDO DC"
3313025015,"TUBO INOX. 25x1,5 A304 SATIN. DC"
351103001010,TUBO INOX. 30x10x1 A304 2B
351203001010,TUBO INOX. 30x10x1 PULIDO A304
351303001010,TUBO INOX. 30x10x1 SATIN. A304
351103001015,"TUBO INOX. 30x10x1,5 A304 2B"
355103001015,"TUBO INOX. 30x10x1,5 A316 2B"
355103001510,TUBO INOX. 30x15x1 A316 CS 2B
351203001510,TUBO INOX. 30x15x1 PULIDO A304
351103001512,"TUBO INOX. 30x15x1,2 A304 2B"
351103001515,"TUBO INOX. 30x15x1,5 A304 2B"
355103001515,"TUBO INOX. 30x15x1,5 A316 CS 2B"
355303001515,"TUBO INOX. 30x15x1,5 A316 CS SAT"
341103010,TUBO INOX. 30x30x1 A304 2B
345103010,TUBO INOX. 30x30x1 A316 2B
341203010,TUBO INOX. 30x30x1 PULIDO A304 CS
341103015,"TUBO INOX. 30x30x1,5 A304 2B"
345103015,"TUBO INOX. 30x30x1,5 A316 2B"
345203015,"TUBO INOX. 30x30x1,5 A316 PULIDO"
34T103015,"TUBO INOX. 30x30x1,5 A316 TI"
341203015,"TUBO INOX. 30x30x1,5 PULIDO A304 CS"
341303015,"TUBO INOX. 30x30x1,5 SATIN. CS A304"
341103020,TUBO INOX. 30x30x2 A304 2B
345103020,TUBO INOX. 30x30x2 A316 2B
341203020,TUBO INOX. 30x30x2 PULIDO A304 CS
3312033720,"TUBO INOX. 33,7x2 A304 PULIDO DC"
3111033720,"TUBO INOX. 33,7x2 A304 TIG 2B"
3152033720,"TUBO INOX. 33,7x2 A316 TIG PULIDO"
3151033720,"TUBO INOX. 33,7x2 A316L TIG 2B"
3112033720,"TUBO INOX. 33,7x2 PULIDO A304 TIG"
3113033720,"TUBO INOX. 33,7x2 SATIN. A304 TIG"
3311033015,"TUBO INOX. 33x1,5 A304 2B DC"
3312033015,"TUBO INOX. 33x1,5 A304 PULIDO DC"
3313033015,"TUBO INOX. 33x1,5 A304 SATIN. DC"
3111033015,"TUBO INOX. 33x1,5 A304 TIG 2B"
3151033015,"TUBO INOX. 33x1,5 A316 TIG 2B"
3152033015,"TUBO INOX. 33x1,5 A316 TIG PULIDO"
3111035010,TUBO INOX. 35x1 A304 TIG 2B
3311035015,"TUBO INOX. 35x1,5 A304 DC"
3312035015,"TUBO INOX. 35x1,5 A304 PULIDO DC"
3313035015,"TUBO INOX. 35x1,5 A304 SATIN. DC"
3111035015,"TUBO INOX. 35x1,5 A304 TIG 2B"
3151035015,"TUBO INOX. 35x1,5 A316 TIG 2B"
3151040010,TUBO INOX. 40x1 A316 TIG 2B
3112040010,TUBO INOX. 40x1 PULIDO A304 TIG
3113040010,TUBO INOX. 40x1 SATIN. A304 TIG
3311040015,"TUBO INOX. 40x1,5 A304 2B DC"
3211040015,"TUBO INOX. 40x1,5 A304 2B EN-10357 (ALIMENTARIO)"
3312040015,"TUBO INOX. 40x1,5 A304 PULIDO DC"
3312040016,"TUBO INOX. 40x1,5 A304 PULIDO DC DETERIORADO"
3212040015,"TUBO INOX. 40x1,5 A304 PULIDO EN-10357 (ALIMENTARIO)"
3313040015,"TUBO INOX. 40x1,5 A304 SATIN. DC"
3213040015,"TUBO INOX. 40x1,5 A304 SATINADO EN-10357 ALIMENTARIO"
3111040015,"TUBO INOX. 40x1,5 A304 TIG 2B"
3111040020,TUBO INOX. 40x2 A304 TIG 2B
3151040020,TUBO INOX. 40x2 A316L TIG 2B
3112040020,TUBO INOX. 40x2 PULIDO A304 TIG
351104002010,TUBO INOX. 40x20x1 A304 2B
355104002010,TUBO INOX. 40x20x1 A316 CS 2B
351204002010,TUBO INOX. 40x20x1 PULIDO A304
355204002015,"TUBO INOX. 40x20x1,5 A316 PULIDO"
35T104002015,"TUBO INOX. 40x20x1,5 A316Ti 2B"
351204002015,"TUBO INOX. 40x20x1,5 PULIDO A304"
351304002015,"TUBO INOX. 40x20x1,5 SATIN. A304"
351104002020,TUBO INOX. 40x20x2 A304 2B
355104002020,TUBO INOX. 40x20x2 A316 CS 2B
351204002020,TUBO INOX. 40x20x2 PULIDO A304
351304002020,TUBO INOX. 40x20x2 SATIN. A304
3311040030,TUBO INOX. 40x3 A304 2B DC
3312040030,TUBO INOX. 40x3 A304 PULIDO DC
3313040030,TUBO INOX. 40x3 A304 SATIN. DC
351104003015,"TUBO INOX. 40x30x1,5 A304 2B"
351204003015,"TUBO INOX. 40x30x1,5 PULIDO A304"
351304003015,"TUBO INOX. 40x30x1,5 SATIN. A304"
351204003020,TUBO INOX. 40x30x2 PULIDO A304
351304003020,TUBO INOX. 40x30x2 SATIN. A304
3111040040,TUBO INOX. 40x4 A304 TIG 2B
341104010,TUBO INOX. 40x40x1 A304 2B
345104010,TUBO INOX. 40x40x1 A316 2B
341204010,TUBO INOX. 40x40x1 PULIDO A304 CS
341104012,"TUBO INOX. 40x40x1,2 A304 2B"
341204012,"TUBO INOX. 40x40x1,2 PULIDO A304"
341304012,"TUBO INOX. 40x40x1,2 SATIN. A304"
341104015,"TUBO INOX. 40x40x1,5 A304 2B"
341104017,"TUBO INOX. 40x40x1,5 A304 2B (Largo=6200)"
345104015,"TUBO INOX. 40x40x1,5 A316 2B"
34T104015,"TUBO INOX. 40x40x1,5 A316 TI"
341204015,"TUBO INOX. 40x40x1,5 PULIDO A304 CS"
341204016,"TUBO INOX. 40x40x1,5 PULIDO A304 CS DETERIORADO"
341304015,"TUBO INOX. 40x40x1,5 SATIN. CS A304"
341104020,TUBO INOX. 40x40x2 A304 2B
345104020,TUBO INOX. 40x40x2 A316 2B
345204020,TUBO INOX. 40x40x2 A316 PULIDO
345304020,TUBO INOX. 40x40x2 A316 SATINADO
34T104020,TUBO INOX. 40x40x2 A316 TI 2B
341204020,TUBO INOX. 40x40x2 PULIDO A304
341304020,TUBO INOX. 40x40x2 SATIN. CS A304
341104030,TUBO INOX. 40x40x3 A304 CS
345104030,TUBO INOX. 40x40x3 A316 CS
34T104030,TUBO INOX. 40x40x3 A316TI
34T204030,TUBO INOX. 40x40x3 A316TI  PULIDO
341204030,TUBO INOX. 40x40x3 PULIDO A304
341304030,TUBO INOX. 40x40x3 SATIN.A304
341104040,TUBO INOX. 40x40x4 A-304 CS
345104040,TUBO INOX. 40x40x4 A316 CS
341304040,TUBO INOX. 40x40x4 SATIN. A304
3113045012,"TUBO INOX. 45x1,2 A304 TIG SATINADO"
3311045015,"TUBO INOX. 45x1,5 A304 2B DC"
3111045025,"TUBO INOX. 45x2,5 A304 TIG 2B"
341104515,"TUBO INOX. 45x45x1,5 A304 2B"
341204515,"TUBO INOX. 45x45x1,5 PULIDO A304"
351105004030,TUBO INOX. 50x40x3 A304 2B
341105012,"TUBO INOX. 50x50x1,2 A304 2B"
341305012,"TUBO INOX. 50x50x1,2 SATIN. CS A304"
341105015,"TUBO INOX. 50x50x1,5 A304 2B"
345105015,"TUBO INOX. 50x50x1,5 A316 2B"
345205015,"TUBO INOX. 50x50x1,5 A316 PULIDO"
341205020,TUBO INOX. 50x50x2 PULIDO A304 CS
341205021,TUBO INOX. 50x50x2 PULIDO A304 CS DETERIORADO
341305020,TUBO INOX. 50x50x2 SATIN. CS A304
341105030,TUBO INOX. 50x50x3 A304 CS
345105030,TUBO INOX. 50x50x3 A316 CS
34T105030,TUBO INOX. 50x50x3 A316 TI
355106002015,"TUBO INOX. 60x20x1,5 A316 2B"
355206002015,"TUBO INOX. 60x20x1,5 A316 PULIDO"
351806002015,"TUBO INOX. 60x20x1,5 GR-200 +PVC A304"
351206002015,"TUBO INOX. 60x20x1,5 PULIDO A304"
351206002016,"TUBO INOX. 60x20x1,5 PULIDO A304 DETERIORADO"
351306002015,"TUBO INOX. 60x20x1,5 SATIN. A304"
355306003030,TUBO INOX. 60x30x3 A316 CS SATINADO
35T106003030,TUBO INOX. 60x30x3 A316Ti
351306003030,TUBO INOX. 60x30x3 SATIN  A304 CS
351106004015,"TUBO INOX. 60x40x1,5 A304 2B"
355106004015,"TUBO INOX. 60x40x1,5 A316 2B"
355206004015,"TUBO INOX. 60x40x1,5 A316 PULIDO"
355306004015,"TUBO INOX. 60x40x1,5 A316 SATIN."
35T106004015,"TUBO INOX. 60x40x1,5 A316Ti"
351206004015,"TUBO INOX. 60x40x1,5 PULIDO A304"
351306004015,"TUBO INOX. 60x40x1,5 SATIN. A304"
351106004020,TUBO INOX. 60x40x2 A304 2B
355106004040,TUBO INOX. 60x40x4 A316
341106015,"TUBO INOX. 60x60x1,5 A304 2B"
345106015,"TUBO INOX. 60x60x1,5 A316 2B"
34T106015,"TUBO INOX. 60x60x1,5 A316TI 2B"
341206015,"TUBO INOX. 60x60x1,5 PULIDO A304 CS"
341306015,"TUBO INOX. 60x60x1,5 SATIN.CS A304"
341106020,TUBO INOX. 60x60x2 A304 2B
345106020,TUBO INOX. 60x60x2 A316 2B
345206020,TUBO INOX. 60x60x2 A316 PULIDO
341306020,TUBO INOX. 60x60x2 SATIN. A304
341106025,"TUBO INOX. 60x60x2,5 A304 CS"
341206025,"TUBO INOX. 60x60x2,5 PULIDO A304 CS"
341106030,TUBO INOX. 60x60x3 A304 CS
345106030,TUBO INOX. 60x60x3 A316 CS
34T106030,TUBO INOX. 60x60x3 A316 TI 2B
351208004016,"TUBO INOX. 80x40x1,5 PULIDO A304 DETERIORADO"
351308004015,"TUBO INOX. 80x40x1,5 SATIN. A304"
351108004020,TUBO INOX. 80x40x2 A304 2B
355108004020,TUBO INOX. 80x40x2 A316 CS 2B
355208004020,TUBO INOX. 80x40x2 A316 PULIDO
355308004020,TUBO INOX. 80x40x2 A316 SATIN.
35T108004020D,TUBO INOX. 80x40x2 A316Ti DETERIORADO
351208004020,TUBO INOX. 80x40x2 PULIDO A304
351308004020,TUBO INOX. 80x40x2 SATIN. A304
351108004030,TUBO INOX. 80x40x3 A304 CS
355108004030,TUBO INOX. 80x40x3 A316
355208004030,TUBO INOX. 80x40x3 A316 PULIDO
341108040,TUBO INOX. 80x80x4 A-304 CS
345108040,TUBO INOX. 80x80x4 A316L CS
341308040,TUBO INOX. 80x80x4 SATIN. A304
341108050,TUBO INOX. 80x80x5 A304 CS
345108050,TUBO INOX. 80x80x5 A316L
341308050,TUBO INOX. 80x80x5 SATIN A304
